date,country
2022-06-14,dj
2022-06-15,bq
2022-06-16,na
2022-06-17,il
2022-06-18,is
2022-06-19,pg
2022-06-20,sc
2022-06-21,mt
2022-06-22,ca
2022-06-23,af
2022-06-24,be
2022-06-25,sv
2022-06-26,id
2022-06-27,ye
2022-06-28,dz
2022-06-29,bn
2022-06-30,vn
2022-07-01,ro
2022-07-02,ad
2022-07-03,bd
2022-07-04,mm
2022-07-05,si
2022-07-06,ua
2022-07-07,np
2022-07-08,mp
2022-07-09,cd
2022-07-10,md
2022-07-11,se
2022-07-12,lv
2022-07-13,bo
2022-07-14,ge
2022-07-15,gr
2022-07-16,fm
2022-07-17,bi
2022-07-18,ro
2022-07-19,pa
2022-07-20,fk
2022-07-21,sl
2022-07-22,sb
2022-07-23,ug
2022-07-24,mu
2022-07-25,by
2022-07-26,mz
2022-07-27,pf
2022-07-28,tt
2022-07-29,cn
2022-07-30,be
2022-07-31,tk
2022-08-01,gw
2022-08-02,to
2022-08-03,zm
2022-08-04,mv
2022-08-05,ie
2022-08-06,pg
2022-08-07,ly
2022-08-08,gm
2022-08-09,pf
2022-08-10,az
2022-08-11,mv
2022-08-12,ar
2022-08-13,iq
2022-08-14,vc
2022-08-15,bs
2022-08-16,mt
2022-08-17,fr
2022-08-18,pn
2022-08-19,lc
2022-08-20,bm
2022-08-21,dj
2022-08-22,al
2022-08-23,pe
2022-08-24,gn
2022-08-25,cv
2022-08-26,za
2022-08-27,gt
2022-08-28,lk
2022-08-29,ws
2022-08-30,kr
2022-08-31,gd
2022-09-01,bo
2022-09-02,gq
2022-09-03,bd
2022-09-04,ht
2022-09-05,lv
2022-09-06,ba
2022-09-07,bh
2022-09-08,ms
2022-09-09,mg
2022-09-10,mx
2022-09-11,tl
2022-09-12,pr
2022-09-13,uy
2022-09-14,it
2022-09-15,bt
2022-09-16,gl
2022-09-17,iq
2022-09-18,pk
2022-09-19,er
2022-09-20,fm
2022-09-21,tz
2022-09-22,rs
2022-09-23,tm
2022-09-24,eg
2022-09-25,lr
2022-09-26,tl
2022-09-27,sb
2022-09-28,it
2022-09-29,in
2022-09-30,bb
2022-10-01,gi
2022-10-02,uz
2022-10-03,ck
2022-10-04,gi
2022-10-05,ve
2022-10-06,bs
2022-10-07,is
2022-10-08,tk
2022-10-09,ao
2022-10-10,nl
2022-10-11,bf
2022-10-12,sn
2022-10-13,mf
2022-10-14,lu
2022-10-15,nr
2022-10-16,fi
2022-10-17,no
2022-10-18,hr
2022-10-19,rs
2022-10-20,jp
2022-10-21,cm
2022-10-22,id
2022-10-23,gb
2022-10-24,ao
2022-10-25,lv
2022-10-26,sn
2022-10-27,ug
2022-10-28,hk
2022-10-29,ar
2022-10-30,nc
2022-10-31,ye
2022-11-01,pn
2022-11-02,pa
2022-11-03,kp
2022-11-04,mg
2022-11-05,mw
2022-11-06,nc
2022-11-07,kg
2022-11-08,lt
2022-11-09,gy
2022-11-10,qa
2022-11-11,pe
2022-11-12,sd
2022-11-13,cf
2022-11-14,ad
2022-11-15,ci
2022-11-16,ph
2022-11-17,bs
2022-11-18,hn
2022-11-19,er
2022-11-20,dj
2022-11-21,gi
2022-11-22,pl
2022-11-23,lk
2022-11-24,na
2022-11-25,ne
2022-11-26,la
2022-11-27,hu
2022-11-28,mn
2022-11-29,lt
2022-11-30,tv
2022-12-01,ne
2022-12-02,gq
2022-12-03,tf
2022-12-04,gb
2022-12-05,tf
2022-12-06,au
2022-12-07,dk
2022-12-08,ar
2022-12-09,ws
2022-12-10,gq
2022-12-11,et
2022-12-12,ng
2022-12-13,ls
2022-12-14,ai
2022-12-15,bt
2022-12-16,nl
2022-12-17,wf
2022-12-18,jp
2022-12-19,mu
2022-12-20,sz
2022-12-21,cg
2022-12-22,pf
2022-12-23,tn
2022-12-24,mv
2022-12-25,ky
2022-12-26,at
2022-12-27,tm
2022-12-28,cu
2022-12-29,lc
2022-12-30,ss
2022-12-31,tz
2023-01-01,nl
2023-01-02,qa
2023-01-03,pm
2023-01-04,ke
2023-01-05,sl
2023-01-06,sh
2023-01-07,hu
2023-01-08,jm
2023-01-09,dj
2023-01-10,rw
2023-01-11,pe
2023-01-12,pl
2023-01-13,is
2023-01-14,cr
2023-01-15,cz
2023-01-16,gn
2023-01-17,dz
2023-01-18,ve
2023-01-19,md
2023-01-20,ch
2023-01-21,bo
2023-01-22,np
2023-01-23,tv
2023-01-24,nl
2023-01-25,as
2023-01-26,kg
2023-01-27,py
2023-01-28,bw
2023-01-29,kp
2023-01-30,cl
2023-01-31,cd
2023-02-01,er
2023-02-02,ee
2023-02-03,uy
2023-02-04,fk
2023-02-05,lr
2023-02-06,ad
2023-02-07,ai
2023-02-08,tk
2023-02-09,mn
2023-02-10,ci
2023-02-11,pt
2023-02-12,do
2023-02-13,ss
2023-02-14,ec
2023-02-15,iq
2023-02-16,hk
2023-02-17,ae
2023-02-18,tr
2023-02-19,ua
2023-02-20,gm
2023-02-21,es
2023-02-22,sv
2023-02-23,mx
2023-02-24,ng
2023-02-25,ag
2023-02-26,ve
2023-02-27,so
2023-02-28,cl
2023-03-01,ke
2023-03-02,in
2023-03-03,do
2023-03-04,jo
2023-03-05,ee
2023-03-06,km
2023-03-07,bf
2023-03-08,lb
2023-03-09,lk
2023-03-10,sa
2023-03-11,sd
2023-03-12,jp
2023-03-13,br
2023-03-14,bn
2023-03-15,mg
2023-03-16,pn
2023-03-17,mq
2023-03-18,st
2023-03-19,gb
2023-03-20,tf
2023-03-21,gb
2023-03-22,py
2023-03-23,me
2023-03-24,co
2023-03-25,bl
2023-03-26,tc
2023-03-27,kw
2023-03-28,tg
2023-03-29,nr
2023-03-30,mk
2023-03-31,br
2023-04-01,ba
2023-04-02,my
2023-04-03,tc
2023-04-04,th
2023-04-05,bb
2023-04-06,cy
2023-04-07,fk
2023-04-08,pw
2023-04-09,km
2023-04-10,om
2023-04-11,lb
2023-04-12,pk
2023-04-13,td
2023-04-14,il
2023-04-15,nz
2023-04-16,lu
2023-04-17,ky
2023-04-18,mo
2023-04-19,ad
2023-04-20,gl
2023-04-21,my
2023-04-22,sd
2023-04-23,as
2023-04-24,it
2023-04-25,hn
2023-04-26,tg
2023-04-27,ie
2023-04-28,st
2023-04-29,kh
2023-04-30,cd
2023-05-01,us
2023-05-02,mv
2023-05-03,ke
2023-05-04,cg
2023-05-05,cf
2023-05-06,bz
2023-05-07,ie
2023-05-08,pt
2023-05-09,il
2023-05-10,bo
2023-05-11,zw
2023-05-12,pf
2023-05-13,bs
2023-05-14,pw
2023-05-15,ag
2023-05-16,fi
2023-05-17,so
2023-05-18,jm
2023-05-19,mr
2023-05-20,cl
2023-05-21,ec
2023-05-22,sr
2023-05-23,qa
2023-05-24,il
2023-05-25,sy
2023-05-26,pg
2023-05-27,sz
2023-05-28,tz
2023-05-29,fj
2023-05-30,ng
2023-05-31,lc
2023-06-01,sl
2023-06-02,mg
2023-06-03,ly
2023-06-04,bn
2023-06-05,kz
2023-06-06,tl
2023-06-07,sr
2023-06-08,se
2023-06-09,ml
2023-06-10,gd
2023-06-11,sn
2023-06-12,ne
2023-06-13,sr
2023-06-14,vn
2023-06-15,es
2023-06-16,at
2023-06-17,bt
2023-06-18,it
2023-06-19,bg
2023-06-20,lu
2023-06-21,mf
2023-06-22,bl
2023-06-23,mr
2023-06-24,bj
2023-06-25,sy
2023-06-26,fj
2023-06-27,sg
2023-06-28,cn
2023-06-29,us
2023-06-30,nz
2023-07-01,sm
2023-07-02,kh
2023-07-03,fj
2023-07-04,bi
2023-07-05,md
2023-07-06,pt
2023-07-07,am
2023-07-08,cg
2023-07-09,ms
2023-07-10,ca
2023-07-11,ae
2023-07-12,md
2023-07-13,rw
2023-07-14,ml
2023-07-15,am
2023-07-16,nf
2023-07-17,co
2023-07-18,bd
2023-07-19,ye
2023-07-20,sh
2023-07-21,pw
2023-07-22,cg
2023-07-23,ls
2023-07-24,tr
2023-07-25,kz
2023-07-26,nc
2023-07-27,ch
2023-07-28,nf
2023-07-29,nc
2023-07-30,no
2023-07-31,gm
2023-08-01,bm
2023-08-02,mw
2023-08-03,dj
2023-08-04,bh
2023-08-05,es
2023-08-06,kg
2023-08-07,et
2023-08-08,nu
2023-08-09,sk
2023-08-10,tl
2023-08-11,mk
2023-08-12,ls
2023-08-13,pw
2023-08-14,cr
2023-08-15,cn
2023-08-16,us
2023-08-17,to
2023-08-18,bj
2023-08-19,ba
2023-08-20,nf
2023-08-21,fi
2023-08-22,lv
2023-08-23,py
2023-08-24,gh
2023-08-25,uz
2023-08-26,jp
2023-08-27,jo
2023-08-28,ye
2023-08-29,sv
2023-08-30,ls
2023-08-31,kn
2023-09-01,tj
2023-09-02,sv
2023-09-03,ml
2023-09-04,mw
2023-09-05,at
2023-09-06,rs
2023-09-07,tz
2023-09-08,et
2023-09-09,es
2023-09-10,tr
2023-09-11,lv
2023-09-12,bi
2023-09-13,mu
2023-09-14,do
2023-09-15,ki
2023-09-16,br
2023-09-17,cl
2023-09-18,de
2023-09-19,be
2023-09-20,ch
2023-09-21,cd
2023-09-22,mz
2023-09-23,by
2023-09-24,pm
2023-09-25,kw
2023-09-26,am
2023-09-27,cl
2023-09-28,fr
2023-09-29,bn
2023-09-30,ml
2023-10-01,gy
2023-10-02,ro
2023-10-03,nu
2023-10-04,ck
2023-10-05,dm
2023-10-06,pa
2023-10-07,gy
2023-10-08,bt
2023-10-09,ec
2023-10-10,mt
2023-10-11,sd
2023-10-12,ru
2023-10-13,kz
2023-10-14,bd
2023-10-15,gw
2023-10-16,gl
2023-10-17,bd
2023-10-18,mz
2023-10-19,sn
2023-10-20,fi
2023-10-21,mk
2023-10-22,ma
2023-10-23,aw
2023-10-24,nf
2023-10-25,pl
2023-10-26,ai
2023-10-27,sa
2023-10-28,ye
2023-10-29,cv
2023-10-30,mk
2023-10-31,mw
2023-11-01,lu
2023-11-02,fm
2023-11-03,nu
2023-11-04,sg
2023-11-05,cx
2023-11-06,sn
2023-11-07,vg
2023-11-08,ne
2023-11-09,tg
2023-11-10,ki
2023-11-11,no
2023-11-12,gw
2023-11-13,ua
2023-11-14,vg
2023-11-15,hu
2023-11-16,pk
2023-11-17,mg
2023-11-18,gt
2023-11-19,cu
2023-11-20,ee
2023-11-21,ba
2023-11-22,ag
2023-11-23,my
2023-11-24,ma
2023-11-25,mx
2023-11-26,si
2023-11-27,za
2023-11-28,mu
2023-11-29,ao
2023-11-30,ck
2023-12-01,uz
2023-12-02,wf
2023-12-03,my
2023-12-04,aw
2023-12-05,bj
2023-12-06,fr
2023-12-07,kz
2023-12-08,vn
2023-12-09,vn
2023-12-10,by
2023-12-11,am
2023-12-12,ga
2023-12-13,cu
2023-12-14,lk
2023-12-15,kw
2023-12-16,nz
2023-12-17,bh
2023-12-18,cu
2023-12-19,ai
2023-12-20,gh
2023-12-21,ma
2023-12-22,bh
2023-12-23,si
2023-12-24,bb
2023-12-25,tv
2023-12-26,vu
2023-12-27,sk
2023-12-28,rs
2023-12-29,kp
2023-12-30,ae
2023-12-31,la
2024-01-01,am
2024-01-02,km
2024-01-03,kg
2024-01-04,bw
2024-01-05,gr
2024-01-06,qa
2024-01-07,bg
2024-01-08,ke
2024-01-09,kr
2024-01-10,cz
2024-01-11,iq
2024-01-12,eg
2024-01-13,sr
2024-01-14,gr
2024-01-15,et
2024-01-16,hr
2024-01-17,sl
2024-01-18,tc
2024-01-19,aw
2024-01-20,tm
2024-01-21,tg
2024-01-22,pm
2024-01-23,pe
2024-01-24,kp
2024-01-25,ru
2024-01-26,br
2024-01-27,th
2024-01-28,nu
2024-01-29,bz
2024-01-30,pm
2024-01-31,ht
2024-02-01,si
2024-02-02,lc
2024-02-03,cn
2024-02-04,ai
2024-02-05,ph
2024-02-06,cc
2024-02-07,sa
2024-02-08,vu
2024-02-09,tn
2024-02-10,mx
2024-02-11,kr
2024-02-12,kz
2024-02-13,be
2024-02-14,mp
2024-02-15,tm
2024-02-16,au
2024-02-17,dz
2024-02-18,gn
2024-02-19,cf
2024-02-20,sh
2024-02-21,nu
2024-02-22,fi
2024-02-23,ge
2024-02-24,ph
2024-02-25,cc
2024-02-26,hr
2024-02-27,th
2024-02-28,gh
2024-02-29,uz
2024-03-01,do
2024-03-02,cm
2024-03-03,pa
2024-03-04,sz
2024-03-05,ly
2024-03-06,ba
2024-03-07,ro
2024-03-08,ht
2024-03-09,la
2024-03-10,ph
2024-03-11,ky
2024-03-12,mo
2024-03-13,bl
2024-03-14,ci
2024-03-15,mv
2024-03-16,zw
2024-03-17,ir
2024-03-18,gq
2024-03-19,kh
2024-03-20,st
2024-03-21,af
2024-03-22,sc
2024-03-23,me
2024-03-24,lt
2024-03-25,ug
2024-03-26,gd
2024-03-27,co
2024-03-28,tj
2024-03-29,mn
2024-03-30,kn
2024-03-31,tj
2024-04-01,mq
2024-04-02,bl
2024-04-03,bz
2024-04-04,lb
2024-04-05,ss
2024-04-06,tf
2024-04-07,ni
2024-04-08,tt
2024-04-09,bw
2024-04-10,vc
2024-04-11,ae
2024-04-12,sg
2024-04-13,zw
2024-04-14,ki
2024-04-15,lk
2024-04-16,mt
2024-04-17,mh
2024-04-18,om
2024-04-19,mx
2024-04-20,cy
2024-04-21,tn
2024-04-22,sc
2024-04-23,ga
2024-04-24,ng
2024-04-25,om
2024-04-26,mp
2024-04-27,za
2024-04-28,bj
2024-04-29,tt
2024-04-30,gb
2024-05-01,cc
2024-05-02,pr
2024-05-03,sa
2024-05-04,bt
2024-05-05,tn
2024-05-06,jm
2024-05-07,ni
2024-05-08,td
2024-05-09,tk
2024-05-10,pl
2024-05-11,dm
2024-05-12,lr
2024-05-13,au
2024-05-14,eg
2024-05-15,hk
2024-05-16,cz
2024-05-17,gy
2024-05-18,gh
2024-05-19,kn
2024-05-20,ly
2024-05-21,de
2024-05-22,me
2024-05-23,mn
2024-05-24,bf
2024-05-25,bm
2024-05-26,cm
2024-05-27,rw
2024-05-28,ky
2024-05-29,gt
2024-05-30,dm
2024-05-31,bb
2024-06-01,mm
2024-06-02,al
2024-06-03,by
2024-06-04,ge
2024-06-05,ph
2024-06-06,ss
2024-06-07,vn
2024-06-08,ca
2024-06-09,kr
2024-06-10,tv
2024-06-11,ga
2024-06-12,mm
2024-06-13,np
2024-06-14,mr
2024-06-15,pk
2024-06-16,tn
2024-06-17,dk
2024-06-18,us
2024-06-19,gl
2024-06-20,ar
2024-06-21,bq
2024-06-22,cr
2024-06-23,az
2024-06-24,cx
2024-06-25,af
2024-06-26,sm
2024-06-27,nr
2024-06-28,gn
2024-06-29,kw
2024-06-30,mf
2024-07-01,ch
2024-07-02,tj
2024-07-03,ni
2024-07-04,tz
2024-07-05,om
2024-07-06,bh
2024-07-07,cm
2024-07-08,ee
2024-07-09,ni
2024-07-10,ir
2024-07-11,km
2024-07-12,tt
2024-07-13,pa
2024-07-14,gr
2024-07-15,so
2024-07-16,gy
2024-07-17,ec
2024-07-18,dk
2024-07-19,wf
2024-07-20,bw
2024-07-21,tg
2024-07-22,bg
2024-07-23,cv
2024-07-24,vu
2024-07-25,mo
2024-07-26,vg
2024-07-27,id
2024-07-28,eg
2024-07-29,zm
2024-07-30,vc
2024-07-31,na
2024-08-01,nz
2024-08-02,dz
2024-08-03,vu
2024-08-04,py
2024-08-05,zm
2024-08-06,hk
2024-08-07,ie
2024-08-08,kn
2024-08-09,ss
2024-08-10,ms
2024-08-11,zw
2024-08-12,bz
2024-08-13,ca
2024-08-14,cv
2024-08-15,pg
2024-08-16,au
2024-08-17,sb
2024-08-18,mr
2024-08-19,az
2024-08-20,vu
2024-08-21,sl
2024-08-22,ms
2024-08-23,dm
2024-08-24,ch
2024-08-25,jo
2024-08-26,cr
2024-08-27,eg
2024-08-28,nl
2024-08-29,cy
2024-08-30,ye
2024-08-31,vg
2024-09-01,mh
2024-09-02,hn
2024-09-03,er
2024-09-04,rw
2024-09-05,sk
2024-09-06,mh
2024-09-07,cg
2024-09-08,sc
2024-09-09,la
2024-09-10,cf
2024-09-11,td
2024-09-12,ua
2024-09-13,pr
2024-09-14,gq
2024-09-15,bf
2024-09-16,tc
2024-09-17,fj
2024-09-18,pn
2024-09-19,dk
2024-09-20,hn
2024-09-21,ir
2024-09-22,ck
2024-09-23,sz
2024-09-24,ee
2024-09-25,ru
2024-09-26,ws
2024-09-27,br
2024-09-28,bq
2024-09-29,sy
2024-09-30,td
2024-10-01,gw
2024-10-02,bi
2024-10-03,sb
2024-10-04,in
2024-10-05,ae
2024-10-06,ug
2024-10-07,to